Index,Accel_X (m/s^2),Accel_Y (m/s^2),Accel_Z (m/s^2),Mag_X (gauss),Mag_Y (gauss),Mag_Z (gauss),Gyro_X (rad/s),Gyro_Y (rad/s),Gyro_Z (rad/s),Temperature (C)
1,-5.71705139705,9.119645134249998,-6.14656305375,0.023660000000000004,-0.23562000000000002,-0.1617,-0.2889392576676613,-2.6743680128309113,-2.1649064041737667,21.5
2,-2.6512474407999997,7.8257263133,4.943571491599999,0.027300000000000005,-0.23590000000000003,-0.18004000000000003,0.08155050929943505,0.4254676384049177,0.16035212502697901,21.5
3,-2.3802602813499996,7.741379316649999,5.54716099245,0.02562,-0.23534000000000002,-0.17822000000000002,0.051007247389534285,0.1499674159776128,0.10949759394699426,21.5
4,-2.4532413706500003,7.681558751649999,5.24925457875,0.02254,-0.22862000000000005,-0.18508000000000002,0.038484510006474966,0.08888089215781124,0.03054326190990077,21.5
5,-2.6045874001,7.660621553899999,5.457430144950001,0.028700000000000003,-0.23618000000000003,-0.19110000000000002,-0.0038179077387375964,0.05665775084286593,-0.015577063574049392,21.5
6,-2.5148565526,7.7007013324499995,5.38385085,0.022820000000000003,-0.22778000000000004,-0.18522000000000002,-0.008552113334772215,-0.02932153143350474,0.014202616788103858,21.5
7,-2.6775684894,7.837690426299999,5.176871695099999,0.02646,-0.22806000000000004,-0.19516000000000003,-0.014049900478554353,0.053297992032776846,-0.0673478925113312,21.5
8,-2.08833592415,6.625127573749999,4.832305240699999,0.02758,-0.22694000000000003,-0.19096000000000002,-0.6577491452297131,0.7590000584610341,-1.057560443630314,21.5
9,-2.7625136916999997,7.670192844299999,5.17507707815,0.04522,-0.24598000000000003,-0.1638,-0.19150625217507786,-0.6130032665317084,-0.11636982787672193,21.5
10,-2.6823541345999997,8.50588613735,4.55653243605,0.047740000000000005,-0.25018,-0.15806,-0.0789543320370935,0.014049900478554353,-0.0633772684630441,21.5
11,-2.0638094925,8.2540415587,4.563112698199999,0.046900000000000004,-0.24570000000000003,-0.1449,-0.01710422666954443,-0.09728028918303396,0.01786780821729195,21.5
12,-2.0315063874,8.29651415985,4.5655055207999995,0.042140000000000004,-0.24514000000000002,-0.1491,-0.010231992739816757,0.04382958084070761,-0.02290744643242558,21.5
13,-2.23070886885,8.315058534999999,4.5056849558,0.0413,-0.24150000000000002,-0.15288000000000002,-0.012828170002158324,0.02229658119422756,-0.014355333097653362,21.5
14,-2.1667008643,8.302496216349999,4.5499521738999995,0.038220000000000004,-0.24178000000000002,-0.14854000000000003,-0.013133602621257331,-0.012980886311707827,-0.005345070834232635,21.5
15,-2.1409780213499996,8.316254946299999,4.5595234643,0.040740000000000005,-0.24318000000000004,-0.15092000000000003,-0.009773843811168246,0.009926560120717751,-0.012828170002158324,21.5
16,-2.17088830385,8.324031619749999,4.51106880665,0.043820000000000005,-0.24486000000000002,-0.14882,-0.008857545953871223,-0.0019853120241435504,-0.009926560120717751,21.5
17,-2.1523439287,8.31924597455,4.53499703265,0.03458000000000001,-0.24682,-0.14434,-0.013133602621257331,0.0009162978572970231,-0.010384709049366262,21.5
18,-2.10269285975,7.9830543992499985,4.4542392698999995,0.043820000000000005,-0.24066,-0.15120000000000003,-0.04276056667386108,0.01756237559819294,-0.15653421728824143,21.5
19,-2.31326124855,8.48076150005,4.5409790891499995,0.04242,-0.25186000000000003,-0.15232,-0.013439035240356337,0.02977968036215325,-0.00916297857297023,21.5
20,-2.1655044529999996,8.341379583599998,4.4829531411,0.04018000000000001,-0.24654,-0.15162,-0.016951510359994926,-0.03207042500539581,0.005345070834232635,21.5
21,-2.10388927105,8.32642444235,4.4410787456,0.039900000000000005,-0.23814000000000002,-0.15036000000000002,-0.013744467859455347,0.0054977871437821395,-0.013286318930806834,21.5
22,-2.15413854565,8.333602910149999,4.4943190484499995,0.04354000000000001,-0.24766000000000002,-0.15008000000000002,-0.01145372321621279,0.006719517620178169,-0.015271630954950386,21.5
23,-2.1523439287,8.316254946299999,4.5409790891499995,0.03402,-0.24850000000000003,-0.1449,-0.010231992739816757,0.0,-0.006108652381980154,21.5
24,-2.1421744326499996,8.328219059299999,4.4973100767,0.041580000000000006,-0.24682,-0.14392000000000002,-0.008399397025222712,0.004581489286485115,-0.012980886311707827,21.5
25,-2.177468566,8.342575994899999,4.410570257449999,0.04494000000000001,-0.25018,-0.15302000000000002,-0.008246680715673207,0.0022907446432425577,-0.009773843811168246,21.5
26,-2.1379869930999997,8.33001367625,4.487140580649999,0.039060000000000004,-0.25046,-0.14672000000000002,-0.010231992739816757,0.00045814892864851157,-0.012064588454410803,21.5
27,-2.14935290045,8.329415470599999,4.4997028993,0.038220000000000004,-0.24794000000000002,-0.14868,-0.007635815477475193,-0.0025961772623415654,-0.010995574287564279,21.5
28,-2.0003996936,8.329415470599999,4.45005183035,0.037380000000000004,-0.24822000000000002,-0.14196,-0.010079276430267254,0.0019853120241435504,-0.012217304763960308,21.5
29,-2.4915265322499995,8.67936577585,4.21914444945,0.03934,-0.23982000000000003,-0.14518,-0.13286318930806834,0.009926560120717751,-0.16630806109940968,21.5
30,-2.12542467445,8.5986080131,4.428516426949999,0.042980000000000004,-0.24318000000000004,-0.14084,0.019547687622336492,0.33093624279377487,-0.2417499180168646,21.5
31,-2.2917258451499998,8.4634135362,4.4913280202,0.041580000000000006,-0.25354000000000004,-0.14448000000000003,-0.015882496193148403,-0.0752891406079054,-0.011759155835311796,21.5
32,-2.0608184642499996,8.4143606729,4.45244465295,0.04438,-0.24710000000000001,-0.15050000000000002,-0.007941248096574201,-0.039095375244672985,0.008857545953871223,21.5
33,-1.2167502921,9.753144917599998,9.475577496,0.03234,-0.24570000000000003,-0.14784,-0.5456553740203772,-1.7188220639796656,0.8374962415694791,21.5
34,-3.3882368016,8.318049563249998,4.6636112473999995,0.0175,-0.23170000000000002,-0.13636,0.2536617901617259,0.09605855870663792,0.1814269757448106,21.5
35,-2.8558337730999996,7.920841011649999,5.277370244299998,0.01386,-0.22974,-0.14896,0.09834930334988048,0.39095375244672986,0.3104722573141413,21.5
36,-2.2528424779,7.8963145799999985,5.1014977832,0.01862,-0.22218000000000004,-0.18452000000000002,0.17654005383922644,0.4642575810304917,-0.005345070834232635,21.5
37,-2.53459733905,7.741379316649999,5.180460929,0.020300000000000002,-0.21826,-0.19334000000000004,0.29550605897828996,0.10155634585042006,-0.07635815477475191,21.5
38,-2.17208471515,7.4452675199,5.632106194749999,0.028140000000000005,-0.21798,-0.22288000000000002,0.33490686684206195,-0.002901609881440573,-0.028710666195306725,21.5
39,-2.3383858858499997,7.256832740149999,5.977270854799999,0.037380000000000004,-0.21630000000000002,-0.23184000000000002,0.3886630078034873,-0.22067506729903305,-0.17287486241003835,21.5
40,-2.07278257725,7.1234328802,6.183053598399999,0.03514,-0.21994000000000002,-0.252,0.3871358447079923,-0.012064588454410803,-0.12843441633113273,21.5
41,-2.0512471738499998,6.747759732,6.45523716915,0.04326000000000001,-0.20650000000000002,-0.27608000000000005,0.6273585996293618,0.13942999061869701,-0.012370021073509813,21.5
42,-1.7611174335999997,6.1028940413,7.1174508237,0.03682,-0.18354,-0.3143,0.8353582132357861,0.1389718416900485,0.13775011121365247,21.5
43,-1.8149559420999999,5.208576594549998,7.618747158399999,0.03178,-0.17066000000000003,-0.34090000000000004,0.8938485597932461,0.18829920967453823,-0.03802636107782646,21.5
44,-1.5744772707999999,4.3082770913,8.769694828999999,0.03458000000000001,-0.14238000000000003,-0.38878,0.9915869979049285,0.17379116026733538,-0.10980302656609327,21.5
45,-1.5481562222,3.31944315185,8.7050886188,0.042980000000000004,-0.11662,-0.4142600000000001,0.8275696814487614,0.3031418744557651,0.012217304763960308,21.5
46,-0.9816554716499999,2.7828526837999994,9.1956172518,0.05614000000000001,-0.09786000000000002,-0.4403000000000001,0.5639813311663178,0.43615778007338296,0.36957346910979927,21.5
47,-0.93738825355,2.1768703603499997,9.5641119322,0.054740000000000004,-0.06846000000000001,-0.46284000000000003,0.8064948307309298,0.3042108886226117,0.20387627324858762,21.5
48,-0.6957131709499998,0.7363911551499999,9.96072227815,0.048580000000000005,-0.029820000000000003,-0.48594000000000004,1.1207849957838087,0.09804387073078147,0.2066251668204787,21.5
49,-0.6532405697999999,-0.19022939669999997,9.6418786667,0.054740000000000004,0.0161,-0.5070800000000001,0.672257194636916,0.14737123871527122,-0.07941248096574201,21.5
50,-0.33738798659999997,-0.9625128908499999,9.644869694949998,0.055020000000000006,0.0371,-0.52192,0.7078400947619504,0.14599679192932566,-0.04077525464971753,21.5
51,0.00418743955,-1.84905366415,9.718448989899999,0.058940000000000006,0.06566000000000001,-0.5356400000000001,0.6693555847554753,0.34529157589142817,0.08491026810952414,21.5
52,0.58923256525,-2.4628126610499996,9.703493848649998,0.07882,0.10122000000000002,-0.5577600000000001,0.48563786436742223,0.2800817117137901,-0.11362093430483086,21.5
53,0.8650053699,-2.6787649007,9.482157758149999,0.09898,0.11522000000000002,-0.57274,0.4893030557966104,0.41447206411735343,0.0038179077387375964,21.5
54,0.9361918422500001,-3.32183597445,9.120841545549998,0.10430000000000002,0.15694000000000002,-0.56532,0.7447974416729303,0.014966198335851376,-0.12003501930591003,21.5
55,0.7800601676,-3.8392838617,8.7780697081,0.10850000000000001,0.17626000000000003,-0.5812800000000001,0.8428413124037117,-0.036804630601430424,-0.3518583772020569,21.5
56,0.8051848048999999,-4.98484768145,8.3497544627,0.1029,0.21630000000000002,-0.5803,0.8003861783489498,0.08124507668033605,-0.011606439525762293,21.5
57,0.97567341515,-5.854040490899999,7.8687971201,0.10150000000000002,0.25102,-0.5779200000000001,0.6782131307093465,0.06826419036862821,-0.09651670763528643,21.5
58,1.11326071465,-6.31525704705,7.593024315449999,0.10626000000000001,0.28406,-0.5790400000000001,0.675616953447005,0.15561791943094444,-0.11530081370987541,21.5
59,1.30947216785,-6.7812592484,6.764509490199999,0.10962000000000001,0.31122000000000005,-0.5649000000000001,0.8327620359734444,0.2217440814658796,-0.3385720582712501,21.5
60,1.1712866627,-7.423133910849999,5.97667264915,0.10486000000000001,0.34734000000000004,-0.57274,0.5897903874801839,0.14049900478554353,0.18020524526841455,21.5
61,1.3328021881999996,-7.864609680549999,5.59621385575,0.10878000000000002,0.38178,-0.54488,0.8210028801381327,0.14614950823887518,-0.039858956792420505,21.5
62,1.3674981158999997,-8.916853418899999,4.8305106237499995,0.10738,0.42546000000000006,-0.5275200000000001,0.8257370857341673,0.06307183584394509,-0.11270463644753384,21.5
63,0.8925228297999999,-9.0364945489,4.514059834899999,0.0931,0.45598,-0.49462000000000006,0.6927211801165495,0.06887505560682623,0.005803219762881146,21.5
64,1.1461620253999998,-9.0424766054,3.5437702705999996,0.09282000000000001,0.48706000000000005,-0.48062000000000005,0.592539281052075,0.08659014751456869,0.04596760917440065,21.5
65,0.8889335959,-9.107082815599998,3.1645078884999998,0.0917,0.5075000000000001,-0.45808000000000004,0.6200282167709856,0.11499538109077641,0.004886921905584123,21.5
66,1.6342978357999998,-10.018150020550001,2.4239292938,0.09394000000000001,0.5441800000000001,-0.41944000000000004,0.4798346446045411,0.029474247743054245,0.08460483549042512,21.5
67,1.5080764436499998,-10.14018397315,1.7724833409499998,0.08750000000000001,0.5702200000000001,-0.4116,0.37537668887268044,-0.20540343634408267,-0.0033597588100890844,21.5
68,1.1150553316,-10.089934698549998,1.722832272,0.0791,0.5803,-0.38976000000000005,0.10201449477906857,-0.14263703311923662,-0.051159963699083794,21.5
69,1.1353943237,-9.878768104099999,1.8460626358999999,0.07994000000000001,0.58142,-0.40054,-0.09987646644537551,0.07467827536970738,-0.09285151620609834,21.5
70,1.35134656335,-9.6705925379,1.8412769907,0.08330000000000001,0.57582,-0.41244000000000003,-0.19608774146156294,0.08643743120501918,0.0015271630954950385,21.5
71,1.0791629926,-9.775278526649998,2.1912272959499997,0.07294000000000002,0.5688200000000001,-0.41118000000000005,-0.15714508252643944,-0.12202033133005358,-0.020922134408282028,21.5
72,1.08693966605,-9.4851487864,2.3904297774,0.07406,0.5551,-0.4088,-0.3333797037465669,-0.25106561289938434,-0.05558873667601941,21.5
73,0.7369893607999999,-9.5042913672,2.8606194183,0.0707,0.5425,-0.43470000000000003,-0.47433685746075893,-0.42668936888131376,0.1661553447898602,21.5
74,1.1294122671999998,-9.38165920895,3.3391839383,0.07714,0.5231800000000001,-0.45822,-0.5053382682993083,-0.10323622525546461,-0.03527746750593539,21.5
75,0.8422735552,-9.27637501455,3.6897324491999997,0.06594000000000001,0.49658,-0.4590600000000001,-0.5601634234275802,-0.14920383442986526,-0.04306599929296009,21.5
76,0.94456672135,-8.506484342999999,4.5720857829499995,0.06986000000000002,0.46522,-0.48748,-0.536186962828308,-0.06826419036862821,-0.07101308394051929,21.5
77,1.07617196435,-8.7290168448,4.69292332425,0.06818,0.44646,-0.5038600000000001,-0.2780963996896465,-0.2150245638457014,0.05375614096142535,21.5
78,0.76749784895,-8.6069828922,4.9686961289,0.06454,0.43302,-0.50204,-0.27137688206946836,-0.07391469382195986,0.020005836550985007,21.5
79,0.6520441584999999,-8.446663778,5.21575506235,0.05754000000000001,0.42714,-0.5101600000000001,-0.31398473243377995,-0.05589416929511841,-0.0907134878724053,21.5
80,0.37866417645,-7.925626656849999,5.78644325245,0.061180000000000005,0.39382000000000006,-0.5157600000000001,-0.6661485422549358,-0.10720684930375171,-0.05818491393836096,21.5
81,0.44925244314999996,-7.48774012105,6.487540274249999,0.06342,0.35994000000000004,-0.5271,-0.6798930101143912,-0.1751656070532809,-0.0056505034533316425,21.5
82,0.22133609049999997,-7.018746891449999,6.884150620199999,0.05782000000000001,0.32970000000000005,-0.5429200000000001,-0.6779076980902475,-0.23945917337362202,-0.0006108652381980154,21.5
83,0.20458633229999998,-6.604788581649999,7.3627151402,0.05222,0.31206,-0.5450200000000001,-0.5482515512827187,-0.15882496193148402,-0.06230825429619757,21.5
84,0.12143574694999999,-6.158527166749999,7.77487883305,0.05306,0.28658000000000006,-0.53298,-0.6265950180816143,-0.2339613862298399,-0.04046982203061852,21.5
85,-0.08255237969999998,-5.794219925899999,7.9728849032,0.049980000000000004,0.25410000000000005,-0.5402600000000001,-0.7901541856091329,-0.1508837138349098,-0.02336559536107409,21.5
86,-0.09032905315,-5.018945403499999,8.554939000649998,0.0483,0.22302000000000002,-0.5488000000000001,-0.9867000759993444,-0.19776762086660749,-0.03222314131494531,21.5
87,-0.31345976059999997,-3.9756747498999996,8.943174467499999,0.03962,0.17150000000000004,-0.5565,-1.0621419329167991,-0.1304197283552763,-0.0024434609527920616,21.5
88,-0.6029912951999999,-2.88634226125,9.303892474449999,0.050820000000000004,0.12502000000000002,-0.54684,-1.0080803593362748,-0.1276708347833852,-0.08017606251348951,21.5
89,-0.5682953674999999,-1.8496518698,9.58145989605,0.046900000000000004,0.07798000000000001,-0.54712,-0.9802859909982652,-0.06994406977367276,-0.07987062989439052,21.5
90,-0.8608179303499999,-0.8590233134,9.668199715299998,0.0427,0.04522,-0.532,-0.8066475470404793,-0.003970624048287101,-0.1831068551498551,21.5
91,-0.7591229698499998,0.20997018315,9.8979106849,0.04326000000000001,-0.018060000000000003,-0.5209400000000001,-1.0464121530332005,-0.06352998477259361,-0.2675589743307307,21.5
92,-0.7692924659,1.33340039385,9.605388122049998,0.057260000000000005,-0.06286000000000001,-0.5114200000000001,-1.369407147730401,0.019242255003237483,-0.754418569174549,21.5
93,-0.60239308955,2.8115665549999997,9.33380275695,0.0889,-0.1449,-0.47026000000000007,-1.1485793641218185,0.18753562812679073,-0.3000875482647751,21.5
94,-0.21475582835,4.021736584949999,9.02512864155,0.09674,-0.19166000000000002,-0.45164000000000004,-1.0404562169607696,0.20845776253507275,-0.1864666139599442,21.5
95,0.09750752095,4.9136612091,8.28694286945,0.10794000000000001,-0.22162000000000004,-0.40740000000000004,-0.8761334678855036,0.19104810324642932,-0.15699236621688997,21.5
96,0.16211373114999997,5.5920264161999995,8.146962747349999,0.11242000000000002,-0.24906000000000003,-0.37982000000000005,-0.755334867031846,0.03420845333908886,-0.18891007491273626,21.5
97,0.24406790519999996,6.04008244805,7.615157924499999,0.12446,-0.26754,-0.37310000000000004,-0.6227771103428767,0.018784106074588976,-0.10338894156501412,21.5
98,-0.43130627364999996,6.566503420049999,6.4450676731,0.10934,-0.28070000000000006,-0.32088000000000005,-0.9555459488512457,-1.0635163797027447,-0.18112154312571158,21.5
99,-0.6263213155499999,6.853642132049999,6.723233300349999,0.11830000000000002,-0.31262,-0.27048,-0.613766848079456,-0.019089538693687978,0.18448130193580065,21.5
100,-0.9589236569499999,7.7007013324499995,5.3862436726,0.11326,-0.30758,-0.23744000000000004,-0.9998336786206017,0.040317105721069016,0.3118467041000869,21.5
101,-1.31186499045,9.22971497385,4.990231532299999,0.08582000000000001,-0.30366000000000004,-0.18886,-0.9217956444408052,0.5708535650960453,0.574671472834783,21.5
102,-0.9768698264499999,9.085547412199999,4.26101884495,0.07994000000000001,-0.30338000000000004,-0.17962,-0.13377948716536536,1.4280502105974104,0.0907134878724053,21.5
103,0.5814558918,8.77747150245,4.24785832065,0.09562000000000001,-0.30534000000000006,-0.23352,0.04474587869800463,1.0981829819704823,-0.11133018966158831,22.5
104,0.8386843212999998,8.719445554399998,4.642075844,0.11606000000000001,-0.3143,-0.26054,0.22327124456137462,0.992961444690874,-0.14706580609617223,21.5
105,0.44087756405,8.433503253699998,4.43569489475,0.13286,-0.30982000000000004,-0.28658000000000006,0.0476474885794452,0.972344742901691,0.21517728015525092,21.5
106,1.6199409001999998,8.173283795949999,4.289134510499999,0.15302000000000002,-0.30394000000000004,-0.31024,0.1516472953826573,1.4149166079761533,-0.0678060414399797,21.5
107,2.2115662880499998,8.3186477689,4.13061001325,0.18298000000000003,-0.30450000000000005,-0.33978,0.3013092787411711,0.8683449360984788,-0.3917173339944774,21.5
108,2.4801606249,8.15773044905,4.1431723319,0.20958000000000002,-0.30114,-0.38570000000000004,0.257326981590914,0.8336783338307415,0.05849034655745997,22.5
109,3.7005001509,7.737790082749999,4.7425743932,0.25382000000000005,-0.29610000000000003,-0.40712000000000004,0.46059238960130366,0.8736900069327115,-0.19898935134300352,21.5
110,4.378865358,7.3399833255,4.5152562462,0.29666000000000003,-0.29890000000000005,-0.44282000000000005,0.5885686570037878,0.6811147405907872,-0.46578474412598675,21.5
111,4.7814577604499995,7.010970218,4.7970111073499995,0.31514000000000003,-0.28126000000000007,-0.45738000000000006,0.5190827361587637,0.5392412890192981,-0.17852536586337,21.5
112,4.84965320455,6.6873409613499994,5.1900322194,0.3389400000000001,-0.27370000000000005,-0.49350000000000005,0.6417139327270152,0.4497495316232888,-0.13652838073725643,21.5
113,5.251049195699999,6.28534676455,5.158925525599999,0.36414,-0.2639,-0.5139400000000001,0.5436700619962337,0.5648976290236147,-0.004276056667386108,21.5
114,5.5836515371,5.800800188049999,5.430510890700001,0.38402000000000003,-0.23674,-0.5311600000000001,0.6276640322484609,0.8057312491831824,-0.4598288080535561,21.5
115,6.43130894315,5.422136011599999,4.810171631649999,0.43274000000000007,-0.21378000000000003,-0.56798,1.2954924539084411,0.753502271317252,-0.454941886147972,21.5
116,7.6319076827,4.480560318499999,5.099104960599999,0.47250000000000003,-0.16982000000000003,-0.59094,1.152397271860556,1.1994338952018033,-0.16325373490841963,21.5
117,7.7736824217499985,3.1328029890499995,4.7036910259499995,0.5327000000000001,-0.10934,-0.61586,1.8724546713864667,0.5760459196207285,-0.6117815360553124,21.5
118,8.06799960155,2.32761818415,5.4532427054,0.5439,-0.030380000000000004,-0.6396600000000001,1.0658071243459872,0.2539672227808249,-0.5687155367623523,21.5
119,8.89591622115,0.4839483708499999,5.330012341499999,0.5665800000000001,0.0777,-0.65898,1.380250005708416,0.3882048588748388,-1.029002493744557,21.5
120,9.0137627342,-1.1647064005499999,4.808975220349999,0.5677000000000001,0.16534000000000001,-0.6547800000000001,1.2563970786637684,0.07437284275060838,-0.6458372730848518,22.5
121,8.364111398299999,-1.8017954178,4.9441696972499996,0.5621,0.24738000000000002,-0.64386,0.6411030674888172,0.006261368691529657,0.23136520896749835,21.5
122,7.27597532095,-3.0556344601999994,4.3944187049,0.5472600000000001,0.32634,-0.6175400000000001,1.1116220172108384,-0.0830776723949301,-0.6927211801165495,21.5
123,8.199604844549999,-3.4701909756499996,4.0271204358,0.5324200000000001,0.39914000000000005,-0.6029800000000001,0.4535674393620264,0.2261728544428152,-0.31154127148098787,21.5
124,8.06082113375,-3.89132775325,3.7519458367999996,0.5139400000000001,0.4403000000000001,-0.5647600000000002,0.5103779065144419,0.2687807048071268,-0.49709158758363503,21.5
125,7.2670022362,-4.6468614892,3.4516466004999993,0.50022,0.48622000000000004,-0.52612,0.6733262088037625,-0.16905695467130077,-0.7733553915586875,22.5
126,7.925626656849999,-5.475376314449999,3.7800615023499997,0.44422,0.5467000000000001,-0.49406000000000005,1.0997101450659772,-0.7063129316664554,-0.5079344455616498,21.5
127,6.704688925199999,-6.60718140425,2.76789754255,0.38542000000000004,0.6046600000000001,-0.42910000000000004,0.932333069799721,-0.6287330464153074,-0.46349399948274417,21.5
128,5.84387099485,-6.9816581411500005,3.3457642004499997,0.31010000000000004,0.63546,-0.38514000000000004,0.4680754887692293,-0.8739954395518105,-0.43127085816779887,21.5
129,5.08893546455,-6.936194511749999,4.0654055974,0.25746,0.63546,-0.35448,0.20463985479633517,-1.1154399249495761,-0.3874412773270912,21.5
130,4.7808595548,-7.648059235249999,4.5308095931,0.2079,0.63826,-0.33796000000000004,0.08200865822808356,-1.3161091556976243,-0.6090326424834214,21.5
131,3.30269339365,-8.176274824199998,4.77786852655,0.15554,0.6256600000000001,-0.31472,0.276721952903701,-1.0183123520760917,-0.5645921964045157,21.5
132,2.13978161005,-9.15194823935,4.04327198835,0.10682000000000001,0.6195000000000002,-0.27538000000000007,0.28527406623847323,-1.1612548178144273,-0.7864889941799449,21.5
133,0.5910271822,-8.06799960155,4.8263231842,0.055580000000000004,0.60998,-0.2338,0.5592471255702831,-0.9728028918303395,-1.0091493735031214,21.5
134,-0.7579265585499999,-8.3521472853,3.44745916095,0.01694,0.6013000000000001,-0.19432000000000002,0.7476990515543709,-1.1907290655574816,-0.8726209927658649,21.5
135,-1.8233308212,-9.2757768089,2.9377879471499995,-0.028980000000000002,0.56322,-0.13720000000000002,0.6896668539255594,-0.453720155671576,-1.6103934841995182,22.5
136,-1.8873388257499997,-9.83390268035,2.9575287336,-0.09646,0.5131,-0.09072000000000001,0.0476474885794452,-0.07956519727529152,-1.3570371266568912,22.5
137,-3.72263375995,-8.91505880195,2.7385854657,-0.15162,0.45122,-0.08232,-0.5623014517612731,-0.2452623931365032,-1.300837524742674,21.5
138,-4.573880399899999,-8.38385218475,3.26919387725,-0.16478000000000004,0.41370000000000007,-0.08232,-0.6056728836733323,-0.25656340004316647,-1.0916161806598537,21.5
139,-6.2739808572,-7.3411797368,3.10528552915,-0.1967,0.36386,-0.06776,-0.9552405162321466,-0.19150625217507786,-0.9700539982584484,21.5
140,-6.428916120549999,-6.305685756649999,3.7435709577,-0.20762000000000003,0.32242000000000004,-0.06776,-0.35918876006043304,-0.16417003276571665,-0.697149953093485,21.5
141,-7.040880500499999,-6.391827370249999,3.6658042231999994,-0.22582000000000002,0.2905,-0.07182000000000001,-0.3291036470791808,-0.041691552507014555,-0.6858489461868217,21.5
142,-6.442076644849999,-5.8707902491,4.128815396299999,-0.23086,0.27286,-0.0826,-0.19028452169868182,0.1838704366976026,-0.8856018790775729,21.5
143,-7.7264241754,-4.6366919931499995,4.2520457602,-0.22862000000000005,0.23562000000000002,-0.07154,-0.7052439174996088,-0.17837264955382048,-0.12828170002158323,22.5
144,-7.596613549349999,-4.03489710925,4.53021138745,-0.22806000000000004,0.2177,-0.07266000000000002,-0.7136433145248314,-0.5238169417547982,-0.08613199858592017,22.5
145,-7.9812597822999996,-3.88534569675,4.177270053949999,-0.22442,0.21154000000000003,-0.032060000000000005,-0.5448917924726298,-0.5396994379479466,-0.6032294227205401,21.5
146,-8.37188807175,-2.88753867255,3.5653056739999998,-0.21574000000000002,0.19446000000000002,0.009940000000000001,-0.1580613803837365,-0.7400632360768956,-0.6829473363053812,21.5
147,-8.721838377,-2.90668125335,3.3326036761499997,-0.20846,0.15554,0.031920000000000004,-0.4880813253202143,-0.6333145357017924,-0.8240572063291227,22.5
148,-8.9802632178,-1.80119721215,3.0000013347500003,-0.19222000000000003,0.13314,0.05684,-0.44073926935986807,-0.5137376653245309,-0.8174904050184941,21.5
149,-9.6095755616,-1.5720844482,2.3347966519499996,-0.1799,0.10738,0.07322000000000001,-0.6415612164174658,-0.3214678316017056,-0.5508477285450604,21.5
150,-9.55633525875,-0.9577272456499999,2.40777774125,-0.17458,0.11186000000000001,0.10206000000000001,-0.8793405103860432,-0.004581489286485115,-0.08384125394267762,21.5
151,-9.47378287905,-0.22851455829999998,2.53340092775,-0.17486000000000002,0.11858000000000002,0.10668000000000001,-0.9841038987370028,-0.1348485013322119,-0.2606867404010031,22.5
152,-9.483952375099998,0.27098715944999996,2.25104786095,-0.16982000000000003,0.12474,0.09534000000000001,-0.8113817526365139,0.2014328122957956,-0.5809328415263126,21.5
153,-9.681360239599998,1.0133603711,2.0231315082999997,-0.15946000000000002,0.12250000000000001,0.0917,-1.074511953990309,0.19593502515201341,-0.4725042617461649,22.5
154,-9.3738825355,1.89571370485,2.0303099761,-0.15946000000000002,0.13174,0.09240000000000001,-1.3518447721322082,0.21441369860750342,-0.40149117780564564,21.5
155,-9.362516628149999,2.19601294115,2.2085752598,-0.16982000000000003,0.14546,0.0623,-0.9718865939730424,0.20128009598624608,-0.21548271277434994,22.5
156,-9.45224747565,2.4329023785499997,1.9040885839499997,-0.16870000000000002,0.13846,0.0483,-0.8588765249064098,0.3686571712525023,-0.08170322560898456,21.5
157,-8.916255213249999,3.0149564759999996,2.1140587671,-0.17122000000000004,0.14238000000000003,0.033460000000000004,-0.7296785270275294,0.40301834090114064,-0.14828753657256824,22.5
158,-9.108279226899999,3.3314072648499997,2.0003996936,-0.18046,0.14266000000000004,0.02128,-0.9118690843200875,0.34727688791557176,-0.0276416520284602,22.5
159,-8.7684984177,3.6831521870499997,2.1744775377499996,-0.18158000000000002,0.13510000000000003,-0.013580000000000002,-0.992656012071775,0.5942191604571194,-0.3029891581462157,21.5
160,-8.604590069599999,4.042075577049999,2.4975085887499997,-0.18382,0.1365,-0.04662,-0.40698896494942777,0.9401216015867456,-0.23869559182587452,21.5
161,-8.475377649199999,3.9667016651499996,3.3014969823499998,-0.19054000000000001,0.12838000000000002,-0.08960000000000001,-0.3619376536323241,1.2982413474803323,-0.3402519376762946,22.5
162,-6.7609202562999995,4.689334090349999,4.20837674775,-0.18494000000000002,0.10262,-0.16968,-0.5888740896228868,1.8561140262646698,0.011301006906663285,22.5
163,-5.458028350599999,5.708676517949999,5.62612413825,-0.16478000000000004,0.04942,-0.27608000000000005,-0.8422304471655137,2.0257818461741683,-0.15745051514553846,21.5
164,-4.366901245,6.07836760965,6.2679988007,-0.1169,0.019180000000000003,-0.35448,-0.9257662684890923,1.9246836492523969,0.3420845333908886,22.5
165,-3.2333015382499997,6.786643099249999,5.40957369295,-0.06902000000000001,-0.028700000000000003,-0.42308000000000007,-1.1143709107827295,1.7831156303000069,0.049938233222687756,22.5
166,-1.6761722312999998,7.993223895299999,6.949953241699999,-0.0119,-0.09058000000000001,-0.46802000000000005,-0.48731774377246684,1.2896892341455601,-1.4979942803710833,22.5
167,-0.80578301055,7.394420039649999,5.2235317358,0.06398000000000001,-0.13314,-0.5026,-0.15561791943094444,1.5792393570514194,-1.409113388213272,22.5
168,-0.28115665549999996,7.813762200299999,4.455435681199999,0.14798000000000003,-0.1617,-0.5502,-0.4824308218668827,1.7009542557623738,-0.632550954154045,22.5
169,3.1375886342499997,7.8765737935499995,4.682753828199999,0.24206000000000003,-0.2079,-0.5706400000000001,-0.1934915641992214,1.0804678900627398,-0.2863430804053197,22.5
170,3.445664544,8.262416437799999,5.31386078895,0.27846000000000004,-0.19222000000000003,-0.5765200000000001,1.0709994788706705,-0.47067166603157085,-0.6139195643890055,21.5
171,2.4592234271499995,6.203392590499999,7.0594248756499995,0.24682,-0.10402000000000002,-0.6321,2.395049882664869,-0.975093636473582,-0.40393463875843766,22.5
172,2.59441790405,4.1347974528,8.84686335785,0.19502,0.03122,-0.6410600000000001,2.270586090382023,-0.853226021453078,-0.12843441633113273,22.5
173,1.67198479175,2.1302103196499997,9.275178603249998,0.15022000000000002,0.14798000000000003,-0.6461,1.6337590795605923,-0.5329799203277684,0.05635231822376692,22.5
174,1.07976119825,0.9050851484499998,9.5007021333,0.12418000000000001,0.2373,-0.61782,1.2440270575902583,-0.37476582363448246,-0.17547103967237992,22.5
175,0.6376872229,-0.45284167705,9.4061856406,0.09450000000000001,0.29106,-0.59486,1.1007791592328238,-0.35918876006043304,0.0595593607243065,21.5
176,0.6245266985999999,-1.2963116435499997,9.8201439504,0.07434,0.36162000000000005,-0.54712,1.0670288548223834,-0.4676173398405808,0.25213462706623085,21.5
177,0.11545369045,-2.8480570996499996,9.1956172518,0.05586000000000001,0.42658,-0.49546,1.1100948541153435,-0.2889392576676613,0.08888089215781124,22.5
178,-0.1878365741,-3.978067572499999,9.24885755465,0.047740000000000005,0.47390000000000004,-0.44996,1.0764972660144527,-0.37950002923051707,0.2790126975469435,22.5
179,-0.4013959911499999,-5.146363206949999,8.559724645849998,0.0371,0.51926,-0.38402000000000003,1.274875752119258,-0.4827362544859816,-0.2756529387368544,22.5
180,-1.5744772707999999,-6.129215089899999,7.453642399,0.00882,0.55062,-0.32872,1.024421004458072,-0.20937406039236978,-0.2793181301660425,21.5
181,-1.3902299305999999,-6.871588301549999,7.03071100445,0.00602,0.5637800000000001,-0.2758,0.7744244057255341,-0.01786780821729195,-0.296116924216488,22.5
182,-1.47696974985,-7.3591259063,6.4821564234,0.0021000000000000003,0.5817,-0.22064,0.6220135287951292,-0.09300423251564784,0.031154127148098783,21.5
183,-1.471585899,-7.564908649899999,6.125625855999999,0.0009800000000000002,0.59822,-0.18074,0.4738787085321104,-0.2061670178918302,0.14172073526193957,22.5
184,-1.1772687192,-7.942974620699999,5.5357950851,0.015260000000000001,0.60158,-0.14882,0.5445863598535308,0.06261368691529658,0.11667526049582094,22.5
185,-1.5092728549499999,-8.387441418649999,4.993222560549999,0.012180000000000002,0.6041,-0.10878000000000002,0.455247318767071,-0.14004085585689505,0.04123340357836604,22.5
186,-1.4219348300499999,-8.81216743015,4.70488743725,0.01974,0.6234200000000001,-0.0665,0.5068654313948032,-0.037110063220529434,-0.06276640322484608,21.5
187,-1.7718851352999998,-8.970093721749999,3.9068811001499997,0.020300000000000002,0.6270600000000001,-0.04326000000000001,0.5057964172279568,-0.17119498300499383,-0.10949759394699426,22.5
188,-1.5942180572499998,-9.4468636248,3.83868565605,0.02198,0.6150200000000001,-0.01106,0.3943135112568189,-0.24846943563704277,-0.08017606251348951,21.5
189,-1.9052849952499997,-9.050851484499999,3.08614294835,0.020860000000000004,0.6175400000000001,0.02562,0.23991732230227056,-0.049327367984489744,0.048258353817643214,21.5
190,-1.3686945271999997,-8.924630092349998,3.1310083720999997,0.034300000000000004,0.6223000000000001,0.04256,0.5444336435439812,0.13668109704680595,0.07208209810736582,21.5
191,-1.6319050132,-9.638887638449999,1.7659030788,0.04662,0.6209000000000001,0.061040000000000004,0.6421720816556636,0.16462818169436516,-0.14080443740464255,22.5
192,-1.69591301775,-9.5688975774,1.7629120505499998,0.05698,0.61082,0.10514000000000001,0.34284811493863615,-0.16569719586121168,0.13805554383275148,22.5
193,-1.75214434885,-10.225727381099997,1.03788680275,0.0609,0.6024200000000001,0.11648000000000001,-0.04306599929296009,0.01069014166846527,0.12079860085365754,22.5
194,-1.14317099715,-10.100702400249999,1.2221341429499997,0.05782000000000001,0.59934,0.11032,-0.18127425943526107,0.21471913122660244,0.15775594776463747,22.5
195,-1.2681959779999998,-9.772287498399999,1.8849460031499998,0.05838,0.6150200000000001,0.10262,-0.30360002338441366,0.04550946024575215,0.10506882097005865,21.5
196,-1.5062818266999998,-9.654440985349998,1.9106688460999999,0.062020000000000006,0.61586,0.08120000000000001,-0.38224892280240813,0.14844025288211773,0.08155050929943505,22.5
197,-0.8650053699,-9.579665279099999,2.6225335696,0.050820000000000004,0.61362,0.05656,-0.44913866638509087,0.07070765132142029,0.14599679192932566,22.5
198,-0.8775676885499999,-9.4085784632,3.2051858726999995,0.049980000000000004,0.6200600000000001,0.009940000000000001,-0.7536549876268015,0.022143864884678056,0.024740042147019626,22.5
199,-0.82372918005,-8.921040858449999,3.96909448775,0.03178,0.6293000000000001,-0.025900000000000003,-0.9418014809917903,0.09422596299204387,0.03772092845872745,22.5
200,-0.93738825355,-8.621339827799998,4.52781856485,0.028980000000000002,0.6265000000000002,-0.07532000000000001,-0.673784357732411,0.10522153727960815,0.021532999646480044,22.5
201,-0.81176506705,-8.648259082049998,4.9220360882,0.028700000000000003,0.6323800000000002,-0.11186000000000001,-0.5068654313948032,0.06765332513043021,0.022143864884678056,22.5
202,-0.9535398061,-8.1308111948,5.44546603195,0.030100000000000002,0.6223000000000001,-0.14658000000000002,-0.45448373721932345,0.04550946024575215,0.03665191429188092,22.5
203,-0.5659025448999999,-7.733004437549999,6.128018678599999,0.032900000000000006,0.6153000000000001,-0.18886,-0.6701191663032229,0.08888089215781124,-0.021838432265579053,22.5
204,-0.67298135625,-6.98405096375,6.62632398505,0.030100000000000002,0.6021400000000001,-0.20384000000000002,-0.6992879814271781,0.1905899543177808,-0.11850785621041499,22.5
205,-0.37028929735,-6.7190458608,7.24008298195,0.03458000000000001,0.5805800000000001,-0.2555,-0.8976664675319836,0.31077768993324034,-0.14599679192932566,22.5
206,-0.29611179675,-5.769693494249999,7.952545911099999,0.03178,0.5514600000000001,-0.31976000000000004,-1.205695263893333,0.23701571242082997,-0.08521570072862314,21.5
207,-0.19980068709999999,-4.400400761399999,8.6033936583,0.04018000000000001,0.50554,-0.4083800000000001,-1.3613131833242773,0.29947668302657704,0.03359758810089085,22.5
208,0.3236292566499999,-2.787638329,9.309276325299999,0.05922000000000001,0.44646,-0.47838,-1.5259413650186424,0.31383201612423045,0.14340061466698412,22.5
209,0.6891329087999999,-1.4033904548999998,9.742975421549998,0.08554,0.37842000000000003,-0.5332600000000001,-1.3975069486875098,0.34238996600998767,-0.10934487763744476,22.5
210,0.9894321450999999,0.07836494014999999,9.62692352545,0.10206000000000001,0.30394000000000004,-0.57498,-1.4753922665577568,0.438295808407076,-0.26832255587847825,22.5
211,1.4979069475999998,1.4063814831500001,9.512666246299998,0.1323,0.23814000000000002,-0.6165600000000001,-1.2753339010479066,0.3874412773270912,0.19898935134300352,22.5
212,1.30588293395,2.735594437449999,9.4253282214,0.15694000000000002,0.17402,-0.64232,-1.0867292587542694,0.2858849314766712,0.2026545427721916,22.5
213,1.8867406200999999,3.6041890412499997,8.68654424365,0.17262,0.11466000000000001,-0.63868,-0.9613491686141267,0.2977968036215325,0.32818734922188375,22.5
214,1.7449658810499997,4.73958336495,8.1655071225,0.19614,0.06006,-0.6437200000000001,-1.1249083361416452,0.18157969205436006,0.49480084294039245,22.5
215,2.5519453029,5.801398393699999,7.5314091335,0.20958000000000002,-0.0015400000000000001,-0.64624,-0.968679551472503,0.2107485071783153,0.2747366408795574,21.5
216,1.80119721215,6.3026947284,7.038487677899999,0.21070000000000003,-0.049980000000000004,-0.6371400000000002,-0.8370380926408305,-0.22159136515633007,0.2858849314766712,22.5
217,1.7682959014,6.9523460642999995,6.418746624499999,0.20342000000000002,-0.08862,-0.6174000000000001,-0.7961101216815636,0.10064004799312304,0.08750644537186571,22.5
218,1.7138591872499997,7.616354335799999,5.9054861768,0.2009,-0.13034,-0.5985000000000001,-1.1009318755423734,0.10155634585042006,0.052228977865930316,22.5
219,1.43030970915,7.868198914449999,4.9866422984,0.2121,-0.15862,-0.5775,-0.7486153494116679,0.1342376360940139,0.10797043085149921,22.5
220,1.3639088819999998,8.355138313549999,4.5726839886,0.21966000000000002,-0.20454000000000003,-0.57736,-0.6721044783273665,0.048716502746291725,0.010384709049366262,21.5
221,1.21495567515,8.76670380075,3.6867414209499993,0.21574000000000002,-0.24430000000000002,-0.5411,-0.8432994613323602,0.1751656070532809,0.0919352183488013,22.5
222,1.3310075712499998,9.076574327449999,2.9682964353,0.22806000000000004,-0.27958000000000005,-0.5021800000000001,-0.5455026577108277,0.04718933965079669,0.09941831751672701,22.5
223,1.3507483577,9.3152583818,2.8079773210999996,0.2303,-0.29358000000000006,-0.47978000000000004,-0.4193589860229376,0.08506298441907365,0.041844268816564056,22.5
224,1.4201402130999998,9.370891507249999,2.23549451405,0.23450000000000004,-0.31010000000000004,-0.46088000000000007,-0.454941886147972,-0.12858713264068225,-0.198225769795256,22.5
225,1.4572289634,9.552746024849998,1.8305092889999999,0.24542000000000003,-0.31346,-0.43190000000000006,-0.2816088748092851,-0.15760323145508798,-0.2138028333693054,22.5
226,1.8496518698,9.6394858441,2.0913269523999998,0.24038,-0.30758,-0.43736,0.4286746809054573,-0.3316998243415224,-0.276721952903701,22.5
227,1.7102699533499999,9.148957211099999,2.8983063742499997,0.23898000000000003,-0.28770000000000007,-0.46984000000000004,1.1131491803063336,-0.4240931916189722,-0.18600846503129567,21.5
228,1.8340985228999995,8.3485580514,4.0779679160499995,0.22190000000000004,-0.24346000000000004,-0.5023200000000001,1.6004669240788003,-0.7603745052469797,-0.36346481672781916,22.5
229,1.5912270289999997,7.32263536165,5.365306474850001,0.19166000000000002,-0.16674,-0.546,2.1331414117874696,-0.7562511648891431,-0.17211128086229083,22.5
230,0.9834500885999999,5.731408332649999,8.1104722027,0.15526,-0.06762,-0.58786,1.9996673572412034,-1.0257954512440173,-0.2217440814658796,22.5
231,0.44865423749999994,4.15453823925,9.139984126349999,0.09954,0.027860000000000003,-0.5992000000000001,2.1867448364393454,-0.6942483432120445,-0.4859432969865212,22.5
232,-0.5330012341499999,2.28454737735,9.397810761499999,0.04438,0.15610000000000002,-0.5677000000000001,2.0630446257042476,-0.7748825546541824,-0.8631525815737958,22.5
233,-1.6193426945499998,-1.1042876299,8.578867226649999,0.0007000000000000001,0.22918000000000002,-0.52402,2.0651826540379408,0.2932153143350474,-0.8052731002545338,22.5
234,2.05603281905,-3.1519455698499996,8.9443708788,-0.025900000000000003,0.25410000000000005,-0.50526,-0.11988230299636052,-1.2292135755639566,-0.2696970026644238,22.5
235,-1.5625131578,-0.6107679686499999,6.241677752099999,-0.07602,0.27342,-0.42182000000000003,0.3129157182669334,-1.8660405863853875,-2.605187524604986,22.5
236,-7.76530754265,2.5531417142,6.34277450695,-0.12838000000000002,0.16898000000000002,-0.3003,-2.301434784911023,-2.9759827241911814,-2.9871310147882952,22.5
237,-12.597612783349998,3.4277183744999995,5.1493542352,-0.14518,0.08806,-0.20412000000000002,0.20952677670191927,1.804343197327388,0.8208501638285832,22.5
238,-0.6317051664,2.69132721935,6.24466878035,-0.0889,0.16450000000000004,-0.41832,0.3648392635137647,5.003444449770395,3.1729867635100413,22.5
239,7.981857987949999,-1.29032958705,6.119045593849998,0.2023,0.23142000000000001,-0.6878200000000001,1.262658447355298,5.003444449770395,2.496606228515289,22.5
240,10.531410468249998,-3.8464623295,5.898905914649999,0.4403000000000001,0.32102,-0.7215600000000001,0.12140946609185556,-1.0567968620825665,-0.8321511707352466,22.5
241,6.163911017599999,-1.4297115034999999,5.908477205049999,0.27398,0.28518,-0.6790000000000002,-2.2521074169265334,-3.8307359087397543,-4.617683051848347,22.5
242,1.5427723713499997,3.57547517005,7.3112694543,0.06846000000000001,0.10458,-0.5761000000000001,-5.004208031318142,-3.8052322850449873,-4.108526875810302,22.5
243,-6.17408051365,9.142975154599998,5.25404022395,-0.022260000000000002,-0.14770000000000003,-0.30898000000000003,-1.471879791438118,-4.92189394047096,-2.0882428167799154,22.5
244,-7.58345302505,6.975077879,4.312464530849999,-0.0161,-0.2079,-0.12558000000000002,0.6566801310628666,-2.6109907443678675,-0.7643451292952668,22.5
245,-9.299705034899999,5.79721095415,3.3798619224999995,0.02842,-0.24878000000000003,-0.13356,1.3533719352277032,1.1585059242425364,-0.3732386605389874,22.5
246,-4.8478585876,5.13200627135,2.5914268758,0.023100000000000002,-0.21042000000000002,-0.27972,1.4621059476269498,5.003444449770395,5.003444449770395,22.5
247,4.7581277401,4.6211386462499995,7.202396026,0.1799,-0.15302000000000002,-0.5065200000000001,0.7841982495367023,5.003444449770395,2.4315490806472004,22.5
248,10.689934965499997,3.2793633732999994,5.925226963249999,0.40362000000000003,-0.12446,-0.5882800000000001,2.0005836550985006,3.4735324607034648,0.935081963371612,22.5
249,9.2398844699,3.8105699904999994,6.445665878749999,0.45654,0.0007000000000000001,-0.63644,4.202294689873698,-0.5639813311663178,-1.1927143775816251,22.5
250,5.3096733494,-2.6739792555,5.8707902491,0.3395000000000001,0.25354000000000004,-0.67536,4.01674437377105,-1.9219347556805058,-1.8454238845962045,22.5
251,0.9487541609,-6.28534676455,4.8155554825,0.12754000000000001,0.44058,-0.59724,2.789210677612138,-1.8144224737576553,-1.1789699097221698,22.5
252,1.2191431146999998,-12.003594572899999,3.08494653705,-0.011620000000000002,0.5408200000000001,-0.5171600000000001,0.4338670354301405,-0.992045146833577,-1.7082846386207502,22.5
253,1.3962119870999998,-11.324631160149998,3.9421752335,-0.14518,0.49210000000000004,-0.38934,0.2296853295624538,-2.059837583203708,-1.7644842405349674,22.5
254,-5.193023247649999,-6.98405096375,4.555934230399999,-0.19782000000000002,0.35434000000000004,-0.23044000000000003,-1.3107640848633915,-1.0882564218497643,-2.9260444909684935,22.5
255,-8.24985411915,-2.1714865095,3.3439695835,-0.19334000000000004,0.16758,-0.17234,-3.297145123173788,-0.712879732977084,-5.004208031318142,22.5
256,-10.1168539528,1.4793625724500001,3.4917263790499997,-0.13678,-0.028700000000000003,-0.11970000000000001,-2.902984328226519,1.0276280469586114,-1.71760033350327,21.5
257,-4.6707897152,6.859025982899999,4.5415772948,-0.07406,-0.13678,-0.19250000000000003,-0.04260785036431157,4.4938301248037,1.6224580726539288,22.5
258,4.31007170825,0.9708877699499999,10.225129175449998,0.058100000000000006,-0.0791,-0.4872,0.5448917924726298,5.003444449770395,2.606409255081382,22.5
259,6.8787667693499985,0.9708877699499999,7.378866692749999,0.3269,-0.014420000000000002,-0.6463800000000001,3.078455367898899,2.6604708286619063,-0.0003054326190990077,22.5
260,7.6462646183,-4.9160540317,5.181657340299998,0.38626000000000005,0.24654,-0.6727000000000001,4.183357867489559,-1.1992811788922537,-2.3622158761117253,22.5
261,-0.98045906035,-6.4677994878,3.4947174072999996,0.06426000000000001,0.33082000000000006,-0.58758,0.6858489461868217,-1.614669540866904,-4.527274996595041,22.5
262,-5.0464628634,-0.44027935839999993,5.766702466,-0.0707,0.07882,-0.45500000000000007,-5.004208031318142,-5.002070002984449,-5.004208031318142,22.5
263,-10.265807159649999,7.418946471299999,3.2321051269499996,-0.033460000000000004,-0.22414,-0.17668,0.9072875950336025,-0.8567384965727166,0.5820018556931592,22.5
264,-6.9924258428499995,-0.19740786449999997,7.76530754265,-0.08330000000000001,-0.07322000000000001,-0.3304,1.4755449828673062,5.003444449770395,5.003444449770395,22.5
265,5.323432079349999,-0.29252256285,6.388836342,0.25746,0.03626000000000001,-0.62944,-0.14172073526193957,5.003444449770395,3.8876990922017196,22.5
266,10.660024682999998,-3.1028927065499996,5.933003636699999,0.49658,0.060340000000000005,-0.6550600000000001,1.9775234923565252,0.32131511529215606,-1.0218248271957302,22.5
267,5.542375347249999,-3.56231464575,7.5804619967999995,0.37870000000000004,0.12250000000000001,-0.66178,-0.336739462556656,-4.397771566097062,-2.5126414410179865,22.5
268,0.15852449724999998,-0.024526431649999996,7.70429056635,0.11018,0.06678,-0.5940200000000001,-3.0108020427684683,-5.004208031318142,0.1831068551498551,22.5
269,-5.52442917775,-1.3543375915999998,5.669194945049999,-0.1029,0.035980000000000005,-0.37842000000000003,-0.16539176324211266,-4.119369733788317,0.02489275845656913,22.5
270,-11.66680479195,-1.3896317249499999,4.1898323726,-0.16898000000000002,0.04102,-0.18606000000000003,-0.95111717587431,-1.5572482084762909,-0.7093672578574454,22.5
271,-6.22791902215,3.5449666818999996,-5.0739803233,-0.16338000000000003,0.027300000000000005,-0.07616,-5.004208031318142,5.003444449770395,1.4695890467948753,22.5
272,-3.79441843795,3.67956295315,9.94397251995,-0.11858000000000002,-0.014420000000000002,-0.24892,-2.3721424362324433,2.603049496271293,-1.290910964621956,22.5
273,-2.9270202454499996,5.231906614899999,8.501100492149998,-0.06874000000000001,-0.06762,-0.29372000000000004,-0.39813141899555654,-0.43401975173968993,-0.4065308160207793,22.5
274,-7.591827904149999,7.198806792099999,2.08953233545,-0.09758000000000001,-0.06846000000000001,-0.24626,-3.69054233657331,1.931250450563026,-4.171751427963797,22.5
275,-3.5676984965999994,9.0520478958,4.0869410008,-0.015540000000000002,-0.12586000000000003,-0.38486000000000004,-0.39904771685285356,5.003444449770395,2.822808265713029,22.5
276,5.288137946,8.74516839735,3.21535536875,0.30506,-0.17262,-0.5868800000000001,0.3087923779090968,5.003444449770395,0.6624833508257477,22.5
277,10.950752628899998,4.466801588549999,4.25862602235,0.5349400000000001,-0.20146,-0.61516,1.5540411659757511,2.871982917387969,-2.589457744721387,22.5
278,11.268998034699997,2.7852455064000003,4.625326085799999,0.6265000000000002,-0.0441,-0.6815200000000001,1.2580769580688127,-2.0036379812894904,-1.9584339536628372,22.5
279,12.125628525499998,5.74097962305,1.24606236895,0.36274,0.15806,-0.7281400000000001,-0.17547103967237992,-4.57385347100764,-5.004208031318142,22.5
280,1.1653046061999999,-4.59122836375,4.95852663285,-0.08526,0.1323,-0.47712000000000004,-5.004208031318142,-5.004208031318142,-4.565148641363319,22.5
281,-17.448462399199997,4.901098890449999,-2.129612114,-0.09674,-0.11606000000000001,-0.04592,-5.004208031318142,2.595719113412917,-2.5434901355469868,22.5
282,-2.4963121774499997,6.179464364499999,6.94815862475,-0.08050000000000002,-0.11942000000000001,-0.16842000000000001,-0.03359758810089085,5.003444449770395,-1.667662100280582,22.5
283,3.3631121643,4.510470601,9.054440718399999,0.020300000000000002,-0.17710000000000004,-0.35756000000000004,-0.20357084062948863,0.5276348494935358,-0.40362920613933867,22.5
284,-3.50249408075,6.57487829915,6.4558353747999995,0.0037800000000000004,-0.19026,-0.30632000000000004,-0.5682573878337038,-2.118327929761168,-0.24007003861182005,22.5
285,-4.4877387863000004,6.94696221345,6.046064504549999,-0.01022,-0.1841,-0.23408,-0.18539759979309767,0.5847507492650502,0.10247264370771708,22.5
286,-1.4787643668,6.926623221349999,6.859624188549999,0.01022,-0.20006000000000004,-0.26544,-0.14798210395346925,0.33505958315161144,-0.06612616203493517,22.5
287,5.449055265849999,7.893921757399999,3.72622299385,0.10542000000000001,-0.19754000000000002,-0.42056000000000004,1.6333009306319437,5.003444449770395,1.1238393219747986,22.5
288,9.6000042712,5.5310094399,2.7684957482,0.35574,-0.18270000000000003,-0.58548,2.611448893296516,5.003444449770395,-2.308154302531201,22.5
289,10.206584800299998,2.15054931175,2.64945282385,0.6113800000000001,-0.06146000000000001,-0.65422,3.2818734922188377,0.7536549876268015,-4.384485247166256,22.5
290,7.0546392304499985,-4.53738985525,4.188037755649999,0.48538000000000003,0.29610000000000003,-0.7284200000000001,3.147635856124824,-3.7223073289596065,-3.4022139441438464,22.5
291,3.0544380489,-6.449255112649999,4.7102712880999995,0.08946000000000001,0.53074,-0.5919200000000001,2.351983883371909,-4.51246151456874,-3.333186172227471,22.5
292,-2.5375883672999997,-7.6319076827,2.928216656749999,-0.17206,0.4389,-0.31234,0.24617869099380021,-2.9697213554996518,-3.204904472205888,22.5
293,-3.1208388760499997,-9.251250377249999,1.0432706536,-0.19838000000000003,0.30898000000000003,-0.11536000000000002,1.0668761385128338,-5.004208031318142,1.6139059593191567,22.5
294,-10.225727381099997,-6.283552147599999,-3.71904452605,-0.15302000000000002,0.23114,0.07084,-1.562135130381875,-2.744922947842782,1.3578007082046386,22.5
295,-8.2564343813,-6.184250009699999,-2.3347966519499996,-0.11914000000000001,0.26306,0.12292000000000002,-1.3723087576118416,-1.3631457790388712,0.8297077097824545,22.5
296,-10.719845247999999,-5.433501918949999,-2.7810580668499996,-0.046060000000000004,0.32942,0.16198,-3.4527630426047327,-0.1814269757448106,-0.05726861608106395,22.5
297,-8.12183811005,-3.1776684127999997,1.7910277161,-0.02842,0.42098,0.0483,-4.785518276043252,0.4422664324553632,0.9130908147964835,22.5
298,-8.578269020999999,-2.8857440556,7.940581798099999,-0.02254,0.47418000000000005,-0.09814000000000002,-1.0913107480407545,0.8266533835914643,0.6652322443976387,22.5
299,-6.0143596051,-3.16390968285,6.833303139949999,-0.0427,0.47166,-0.1428,-0.40500365292528423,0.6481280177280944,0.025809056313866152,22.5
300,-6.090929928299999,-12.40977620925,-0.4331008906,-0.07966000000000001,0.44954,-0.16156,0.21441369860750342,4.4593162388455125,-5.004208031318142,22.5
301,-7.4847490928,-1.19820591695,6.5826549726,-0.19614,0.19922000000000004,-0.16912,2.940094391447048,-0.7130324492866335,-2.05006373939254,22.5
302,8.18883714285,-19.588842214899998,13.547563355549997,-0.20314000000000002,0.14798000000000003,-0.14980000000000002,-2.4950790654197936,0.6994406977367276,0.9392053037294487,22.5
303,-10.9603239193,-2.4831516531499993,4.80418957515,-0.20146,0.20650000000000002,-0.09702000000000001,-0.593455578909372,-3.5091153608284995,4.677700561501303,22.5
304,-10.217352501999999,-2.5501506859500003,5.85104946265,-0.18802000000000002,0.29946000000000006,-0.03640000000000001,2.6361889354435357,-1.9150625217507782,2.860987343100405,22.5
305,-9.387043059799998,-2.8426732488,3.5796626096,-0.17150000000000004,0.31178000000000006,0.03878,5.003444449770395,2.9251281931111968,0.1828014225307561,22.5
306,-10.259226897499998,-3.4348968423,2.64825641255,-0.21378000000000003,0.23870000000000002,-0.04228,1.2925908440270004,2.1187860786898165,-1.8839083946026796,22.5
307,-9.793224696149998,-3.3798619224999995,3.2530423247,-0.22722000000000003,0.16394000000000003,-0.14658000000000002,1.2993103616471788,2.0929770223759503,0.33108895910332437,22.5
308,-3.6466616424,-6.755536405449999,3.96430884255,-0.20818,0.19054000000000001,-0.31752,1.564884023953766,5.003444449770395,1.3825407503516582,22.5
309,5.793023514599999,0.6717849449499999,10.3310115755,0.06986000000000002,0.14742000000000002,-0.62272,2.5182919444713185,4.512156081949641,1.194546973296219,22.5
310,10.931011842450001,-17.860027886399997,14.624931731199998,0.30226000000000003,0.21378000000000003,-0.7064400000000001,1.3214542265318567,-5.004208031318142,3.8629590500546995,22.5
311,-3.2356943608499997,1.1401799688999998,4.5236311253,0.0315,0.08246,-0.5593,-4.6534186682829315,-5.004208031318142,-0.8669704893125334,22.5
312,-9.05743174665,3.5856446661,7.252047094949999,-0.10626000000000001,-0.014980000000000002,-0.31514000000000003,-2.1641428226260193,-0.7822129375125587,-0.5818491393836097,22.5
313,-4.11266384375,3.3487552287,8.48435073395,-0.08274000000000001,-0.04942,-0.33166,0.04718933965079669,1.7592918860102844,-0.061239240129351044,22.5
314,-2.0039889275,2.4616162497499996,8.99162912515,-0.0497,-0.0497,-0.36512000000000006,-0.3375030441044035,-0.35063664672566086,-0.08567384965727166,22.5
315,-4.965705100649999,3.290131075,7.94357282635,-0.06566000000000001,-0.05614000000000001,-0.32550000000000007,-0.5348125160423625,-0.71410146345348,-0.17669277014877596,22.5
316,-4.488935197599999,3.9385859995999994,8.0111700648,-0.06734,-0.0637,-0.32116,-0.3384193419617005,0.3518583772020569,-0.0025961772623415654,22.5
317,-3.840480273,3.8745779950499997,8.0566336942,-0.06314,-0.06286000000000001,-0.32242000000000004,-0.16447546538481564,-0.15683964990734045,-0.030390545600351267,22.5
318,-4.563112698199999,3.9972101532999993,7.70429056635,-0.07098,-0.06062000000000001,-0.31682000000000005,-0.21807889003669148,-0.1516472953826573,-0.02290744643242558,22.5
319,-4.314857353449999,4.288536304849999,7.7120672398,-0.06762,-0.06706000000000001,-0.30436,-0.22266037932317662,0.05268712679457883,-0.026878070480712675,22.5
320,-4.2807596314,4.3740797127999995,7.62293459795,-0.06342,-0.061180000000000005,-0.30324,-0.12843441633113273,-0.07880161572754399,-0.06704245989223219,22.5
